"B=10, a=0.021",,"B=50, a=0.035",,"B=100, a=0.015",,"B=700, a=0.015",
Iteration,Loss,Iteration,Loss,Iteration,Loss,Iteration,Loss
0,0.35,0,0.28,0,0.255,0,0.251429
1,0.205037,1,0.181975,1,0.202861,1,0.230516
2,0.222249,2,0.143749,2,0.174622,2,0.213607
3,0.194317,3,0.171046,3,0.266431,3,0.199895
4,0.127846,4,0.147953,4,0.198155,4,0.188739
5,0.217447,5,0.122157,5,0.183604,5,0.179628
6,0.16554,6,0.179906,6,0.170801,6,0.172154
7,0.106706,7,0.165546,7,0.166282,7,0.165993
8,0.101358,8,0.135164,8,0.150445,8,0.160885
9,0.136069,9,0.139253,9,0.137264,9,0.156623
10,0.132818,10,0.129629,10,0.193536,10,0.153042
11,0.106186,11,0.138243,11,0.156208,11,0.150012
12,0.182315,12,0.120717,12,0.151548,12,0.147426
13,0.10701,13,0.121938,13,0.14078,13,0.145201
14,0.105472,14,0.120051,14,0.140775,14,0.143269
15,0.168207,15,0.124552,15,0.13768,15,0.141577
16,0.127563,16,0.120568,16,0.129239,16,0.140081
17,0.180666,17,0.132042,17,0.16651,17,0.138748
18,0.12703,18,0.123912,18,0.141457,18,0.137548
19,0.11446,19,0.111741,19,0.139901,19,0.136461
20,0.150842,20,0.14097,20,0.129533,20,0.135468
21,0.112662,21,0.139071,21,0.131099,21,0.134554
22,0.0978734,22,0.118112,22,0.132912,22,0.133707
23,0.173738,23,0.122879,23,0.126288,23,0.132919
24,0.117662,24,0.120461,24,0.153976,24,0.132181
25,0.13169,25,0.120571,25,0.134176,25,0.131486
26,0.0936342,26,0.108898,26,0.133791,26,0.13083
27,0.119777,27,0.112987,27,0.123677,27,0.130209
28,0.0953312,28,0.112036,28,0.126008,28,0.129618
29,0.113239,29,0.116658,29,0.129806,29,0.129055
30,0.14035,30,0.112605,30,0.124027,30,0.128517
31,0.137539,31,0.125045,31,0.146903,31,0.128002
32,0.119643,32,0.115778,32,0.129488,32,0.127507
33,0.1681,33,0.107517,33,0.129642,33,0.127033
34,0.142492,34,0.131369,34,0.119815,34,0.126576
35,0.161767,35,0.132075,35,0.122642,35,0.126137
36,0.129663,36,0.111238,36,0.127238,36,0.125713
37,0.15277,37,0.116824,37,0.121914,37,0.125305
38,0.116471,38,0.116344,38,0.142292,38,0.12491
39,0.107114,39,0.113308,39,0.126027,39,0.124529
40,0.137763,40,0.103927,40,0.126478,40,0.12416
41,0.126535,41,0.109462,41,0.116953,41,0.123803
42,0.104886,42,0.108671,42,0.120149,42,0.123458
43,0.103251,43,0.112613,43,0.125036,43,0.123123
44,0.123862,44,0.108748,44,0.119987,44,0.122799
45,0.135031,45,0.121288,45,0.138971,45,0.122484
46,0.120268,46,0.111357,46,0.123312,46,0.122179
47,0.114275,47,0.105352,47,0.123949,47,0.121883
48,0.120071,48,0.125851,48,0.114717,48,0.121596
49,0.118057,49,0.127785,49,0.118199,49,0.121316
50,0.1325,50,0.107434,50,0.12316,50,0.121045
51,0.0938072,51,0.113202,51,0.118292,51,0.120781
52,0.13465,52,0.113675,52,0.136409,52,0.120524
53,0.119016,53,0.109065,53,0.121113,53,0.120274
54,0.111485,54,0.101072,54,0.12188,54,0.120031
55,0.0960588,55,0.107278,55,0.112921,55,0.119794
56,0.133311,56,0.106461,56,0.116624,56,0.119564
57,0.119525,57,0.109827,57,0.121567,57,0.119339
58,0.0958106,58,0.106278,58,0.116827,58,0.119119
59,0.138347,59,0.118511,59,0.134331,59,0.118906
60,0.102068,60,0.108251,60,0.119292,60,0.118697
61,0.122627,61,0.103785,61,0.120156,61,0.118493
62,0.117019,62,0.121859,62,0.111449,62,0.118294
63,0.0993184,63,0.124496,63,0.11532,63,0.118099
64,0.0878312,64,0.104767,64,0.120211,64,0.117909
65,0.115621,65,0.110505,65,0.115567,65,0.117724
66,0.113775,66,0.111549,66,0.132585,66,0.117542
67,0.101784,67,0.106025,67,0.117757,67,0.117364
68,0.0968792,68,0.099052,68,0.118695,68,0.11719
69,0.128403,69,0.105615,69,0.110222,69,0.117019
70,0.123561,70,0.10474,70,0.114217,70,0.116852
71,0.0946582,71,0.107632,71,0.119046,71,0.116689
72,0.111577,72,0.104408,72,0.114477,72,0.116528
73,0.106659,73,0.11621,73,0.131077,73,0.116371
74,0.10728,74,0.105801,74,0.116439,74,0.116216
75,0.113991,75,0.102505,75,0.117437,75,0.116065
76,0.130681,76,0.118681,76,0.109181,76,0.115916
77,0.0988483,77,0.12178,77,0.113266,77,0.11577
78,0.101811,78,0.102681,78,0.118032,78,0.115627
79,0.120824,79,0.108325,79,0.113525,79,0.115486
80,0.113434,80,0.109774,80,0.129746,80,0.115347
81,0.0974683,81,0.103625,81,0.115292,81,0.115211
82,0.120968,82,0.0974863,82,0.116336,82,0.115077
83,0.10093,83,0.104268,83,0.108284,83,0.114945
84,0.0911355,84,0.10334,84,0.11243,84,0.114815
85,0.131432,85,0.105834,85,0.117138,85,0.114687
86,0.118827,86,0.102906,86,0.112683,86,0.114561
87,0.139699,87,0.11425,87,0.128552,87,0.114438
88,0.106194,88,0.103788,88,0.114277,88,0.114315
89,0.111583,89,0.101442,89,0.11536,89,0.114195
90,0.121618,90,0.116046,90,0.1075,90,0.114076
91,0.10082,91,0.119485,91,0.111684,91,0.113959
92,0.0946769,92,0.10098,92,0.116338,92,0.113844
93,0.135117,93,0.106512,93,0.111929,93,0.11373
94,0.098055,94,0.108287,94,0.127466,94,0.113617
95,0.116423,95,0.101652,95,0.113367,95,0.113506
96,0.0941896,96,0.0962306,96,0.114481,96,0.113397
97,0.104934,97,0.103167,97,0.106804,97,0.113289
98,0.0857982,98,0.102196,98,0.111008,98,0.113182
99,0.106737,99,0.104344,99,0.115613,99,0.113076
100,0.115934,100,0.10168,100,0.111246,100,0.112972
101,0.114384,101,0.112576,101,0.126466,101,0.112869
102,0.104641,102,0.10211,102,0.112542,102,0.112767
103,0.151128,103,0.100568,103,0.113681,103,0.112666
104,0.12039,104,0.113817,104,0.106179,104,0.112566
105,0.140783,105,0.117527,105,0.110388,105,0.112467
106,0.118869,106,0.0995694,106,0.114948,106,0.11237
107,0.139772,107,0.10499,107,0.110619,107,0.112273
108,0.101954,108,0.107049,108,0.125538,108,0.112178
109,0.100203,109,0.0999993,109,0.111787,109,0.112083
110,0.116152,110,0.0952115,110,0.112945,110,0.111989
111,0.114057,111,0.102271,111,0.10561,111,0.111897
112,0.0940372,112,0.101264,112,0.109813,112,0.111805
113,0.0939159,113,0.103106,113,0.114331,113,0.111714
114,0.114836,114,0.100677,114,0.110038,114,0.111624
115,0.118557,115,0.111148,115,0.124668,115,0.111534
116,0.108281,116,0.100703,116,0.111088,116,0.111446
117,0.10266,117,0.0998582,117,0.112261,117,0.111358
118,0.114487,118,0.11191,118,0.105088,118,0.111271
119,0.110071,119,0.115849,119,0.109276,119,0.111185
120,0.121521,120,0.098393,120,0.113756,120,0.1111
121,0.0904755,121,0.103709,121,0.109496,121,0.111015
122,0.121086,122,0.106022,122,0.123849,122,0.110931
123,0.110019,123,0.098605,123,0.110437,123,0.110848
124,0.110562,124,0.0943821,124,0.111622,124,0.110765
125,0.0874222,125,0.101545,125,0.104605,125,0.110683
126,0.125214,126,0.100509,126,0.108772,126,0.110602
127,0.103029,127,0.102077,127,0.113214,127,0.110522
128,0.0901385,128,0.0998569,128,0.108987,128,0.110442
129,0.121339,129,0.109931,129,0.123074,129,0.110362
130,0.0933212,130,0.0995216,130,0.109826,130,0.110284
131,0.110143,131,0.0992894,131,0.111021,131,0.110206
132,0.112156,132,0.110268,132,0.104154,132,0.110128
133,0.0920832,133,0.114408,133,0.108294,133,0.110051
134,0.0859169,134,0.0974093,134,0.112701,134,0.109975
135,0.108455,135,0.102627,135,0.108506,135,0.109899
136,0.109944,136,0.105175,136,0.122336,136,0.109824
137,0.0927206,137,0.0974238,137,0.109251,137,0.109749
138,0.0944181,138,0.0937074,138,0.110452,138,0.109675
139,0.123871,139,0.100962,139,0.103731,139,0.109601
140,0.116999,140,0.0998998,140,0.10784,140,0.109528
141,0.0934019,141,0.101218,141,0.112213,141,0.109455
142,0.10468,142,0.0991891,142,0.108049,142,0.109383
143,0.100581,143,0.108895,143,0.121633,143,0.109311
144,0.102045,144,0.0985266,144,0.108706,144,0.10924
145,0.105473,145,0.098839,145,0.109912,145,0.109169
146,0.119854,146,0.108847,146,0.103332,146,0.109099
147,0.0957717,147,0.113167,147,0.107408,147,0.109029
148,0.100581,148,0.096586,148,0.111747,148,0.10896
149,0.112435,149,0.101714,149,0.107614,149,0.108891
150,0.107206,150,0.104477,150,0.120959,150,0.108823
151,0.0936628,151,0.0964209,151,0.108188,151,0.108755
152,0.109088,152,0.0931602,152,0.109397,152,0.108687
153,0.099987,153,0.100497,153,0.102955,153,0.10862
154,0.0876625,154,0.0994117,154,0.106995,154,0.108554
155,0.121462,155,0.100503,155,0.111301,155,0.108487
156,0.115469,156,0.0986473,156,0.107198,156,0.108422
157,0.127441,157,0.108013,157,0.120313,157,0.108356
158,0.101202,158,0.0976881,158,0.107694,158,0.108291
159,0.109609,159,0.0984868,159,0.108905,159,0.108226
160,0.114478,160,0.107613,160,0.102596,160,0.108162
161,0.0972712,161,0.112095,161,0.1066,161,0.108098
162,0.0923806,162,0.0958967,162,0.110873,162,0.108035
163,0.120601,163,0.100941,163,0.106801,163,0.107972
164,0.0922513,164,0.103905,164,0.119692,164,0.107909
165,0.109334,165,0.0955681,165,0.107222,165,0.107847
166,0.0948272,166,0.092718,166,0.108433,166,0.107785
167,0.0998785,167,0.100129,167,0.102255,167,0.107724
168,0.0828827,168,0.0990231,168,0.106221,168,0.107663
169,0.104372,169,0.0999057,169,0.110462,169,0.107602
170,0.108411,170,0.0982096,170,0.106419,170,0.107541
171,0.106384,171,0.107262,171,0.119095,171,0.107481
172,0.10007,172,0.0969806,172,0.10677,172,0.107421
173,0.139921,173,0.0982156,173,0.107981,173,0.107362
174,0.110629,174,0.106537,174,0.10193,174,0.107303
175,0.129478,175,0.111168,175,0.105858,175,0.107244
176,0.112774,176,0.0953195,176,0.110066,176,0.107186
177,0.131251,177,0.100287,177,0.106053,177,0.107128
178,0.0962048,178,0.103437,178,0.118519,178,0.10707
179,0.0975859,179,0.0948419,179,0.106337,179,0.107013
180,0.106161,180,0.0923623,180,0.107547,180,0.106956
181,0.109517,181,0.0998423,181,0.101619,181,0.106899
182,0.0900907,182,0.0987162,182,0.105509,182,0.106843
183,0.0910011,183,0.0994073,183,0.109685,183,0.106787
184,0.111085,184,0.097858,184,0.105701,184,0.106731
185,0.110053,185,0.106623,185,0.117964,185,0.106676
186,0.102219,186,0.0963831,186,0.105921,186,0.106621
187,0.0988031,187,0.0980106,187,0.107129,187,0.106566
188,0.110876,188,0.105597,188,0.101322,188,0.106512
189,0.106323,189,0.110364,189,0.105174,189,0.106458
190,0.114867,190,0.0948363,190,0.109317,190,0.106404
191,0.0898943,191,0.0997338,191,0.105363,191,0.10635
192,0.113283,192,0.103055,192,0.117428,192,0.106297
193,0.105276,193,0.0942228,193,0.105521,193,0.106244
194,0.109727,194,0.0920779,194,0.106727,194,0.106192
195,0.0846452,195,0.0996207,195,0.101038,195,0.106139
196,0.120245,196,0.0984762,196,0.104851,196,0.106087
197,0.0950936,197,0.0989912,197,0.108963,197,0.106036
198,0.0882591,198,0.0975772,198,0.105038,198,0.105984
199,0.112119,199,0.106077,199,0.11691,199,0.105933
200,0.0896859,200,0.0958782,200,0.105136,200,0.105882
201,0.103475,201,0.0978592,201,0.10634,201,0.105831
202,0.109279,202,0.104774,202,0.100765,202,0.105781
203,0.0889591,203,0.109665,203,0.104541,203,0.105731
204,0.0859848,204,0.0944317,204,0.108621,204,0.105681
205,0.104478,205,0.0992645,205,0.104724,205,0.105632
206,0.107868,206,0.102745,206,0.116409,206,0.105583
207,0.0882928,207,0.0936944,207,0.104765,207,0.105534
208,0.0936467,208,0.091852,208,0.105967,208,0.105485
209,0.121204,209,0.0994526,209,0.100504,209,0.105437
210,0.11303,210,0.0982907,210,0.104243,210,0.105389
211,0.0931678,211,0.0986437,211,0.108291,211,0.105341
212,0.100649,212,0.0973546,212,0.104423,212,0.105293
213,0.0971937,213,0.105611,213,0.115925,213,0.105246
214,0.0994009,214,0.095451,214,0.104408,214,0.105199
215,0.100041,215,0.0977513,215,0.105607,215,0.105152
216,0.113269,216,0.104052,216,0.100253,216,0.105105
217,0.0950637,217,0.109057,217,0.103957,217,0.105059
218,0.100469,218,0.094093,218,0.107972,218,0.105013
219,0.107326,219,0.0988663,219,0.104132,219,0.104967
220,0.103317,220,0.102493,220,0.115456,220,0.104922
221,0.0915245,221,0.0932427,221,0.104064,221,0.104876
222,0.102547,222,0.0916742,222,0.105261,222,0.104831
223,0.0997341,223,0.0993276,223,0.100013,223,0.104787
224,0.0859991,224,0.0981497,224,0.103681,224,0.104742
225,0.115129,225,0.0983536,225,0.107664,225,0.104698
226,0.113377,226,0.0971797,226,0.103853,226,0.104654
227,0.119762,227,0.105212,227,0.115002,227,0.10461
228,0.098478,228,0.0950894,228,0.103732,228,0.104566
229,0.108552,229,0.0976782,229,0.104926,229,0.104523
230,0.110411,230,0.103417,230,0.0997824,230,0.10448
231,0.0957197,231,0.108527,231,0.103416,231,0.104437
232,0.091101,232,0.0938096,232,0.107367,232,0.104394
233,0.111469,233,0.098528,233,0.103584,233,0.104352
234,0.0891191,234,0.102291,234,0.114563,234,0.10431
235,0.104907,235,0.0928561,235,0.103412,235,0.104268
236,0.0957203,236,0.0915356,236,0.104603,236,0.104226
237,0.0970155,237,0.0992376,237,0.0995612,237,0.104185
238,0.0813123,238,0.0980447,238,0.103161,238,0.104143
239,0.103157,239,0.0981113,239,0.10708,239,0.104102
240,0.104061,240,0.0970437,240,0.103324,240,0.104061
241,0.101672,241,0.104871,241,0.114137,241,0.104021
242,0.097693,242,0.094783,242,0.103104,242,0.103981
243,0.132144,243,0.0976327,243,0.104292,243,0.10394
244,0.104581,244,0.102857,244,0.0993489,244,0.1039
245,0.121876,245,0.108063,245,0.102915,245,0.103861
246,0.108913,246,0.0935724,246,0.106803,246,0.103821
247,0.125364,247,0.0982404,247,0.103075,247,0.103782
248,0.0929006,248,0.102128,248,0.113725,248,0.103743
249,0.0964257,249,0.0925246,249,0.102806,249,0.103704
250,0.0998498,250,0.091429,250,0.103991,250,0.103665
251,0.106999,251,0.0991757,251,0.0991452,251,0.103627
252,0.088023,252,0.0979686,252,0.102679,252,0.103589
253,0.0896092,253,0.0979091,253,0.106536,253,0.103551
254,0.109134,254,0.0969394,254,0.102834,254,0.103513
255,0.104679,255,0.104579,255,0.113325,255,0.103475
256,0.098383,256,0.094523,256,0.102518,256,0.103438
257,0.0970035,257,0.0976092,257,0.103701,257,0.103401
258,0.108795,258,0.102363,258,0.0989497,258,0.103364
259,0.104142,259,0.107657,259,0.102452,259,0.103327
260,0.110593,260,0.0933738,260,0.106277,260,0.10329
261,0.0902867,261,0.0979956,261,0.102602,261,0.103254
262,0.108231,262,0.101999,262,0.112937,262,0.103218
263,0.102463,263,0.0922401,263,0.10224,263,0.103182
264,0.109767,264,0.0913484,264,0.103421,264,0.103146
265,0.0834168,265,0.099136,265,0.0987621,265,0.10311
266,0.117098,266,0.0979159,266,0.102233,266,0.103075
267,0.0899483,267,0.0977403,267,0.106028,267,0.10304
268,0.0876431,268,0.0968609,268,0.102379,268,0.103005
269,0.106224,269,0.104327,269,0.112561,269,0.10297
270,0.0877992,270,0.0943023,270,0.101972,270,0.102935
271,0.0991836,271,0.0976027,271,0.10315,271,0.102901
272,0.107685,272,0.101926,272,0.0985821,272,0.102866
273,0.0873601,273,0.107301,273,0.102023,273,0.102832
274,0.0867276,274,0.0932077,274,0.105787,274,0.102798
275,0.102059,275,0.0977869,275,0.102164,275,0.102765
276,0.10688,276,0.101896,276,0.112196,276,0.102731
277,0.0857538,277,0.0919955,277,0.101713,277,0.102698
278,0.0937784,278,0.0912889,278,0.102889,278,0.102664
279,0.119831,279,0.0991141,279,0.0984095,279,0.102631
280,0.110727,280,0.0978817,280,0.101821,280,0.102599
281,0.0934834,281,0.0975995,281,0.105555,281,0.102566
282,0.0982157,282,0.0968033,282,0.101957,282,0.102533
283,0.0952899,283,0.104111,283,0.111843,283,0.102501
284,0.0981052,284,0.0941147,284,0.101463,284,0.102469
285,0.0965046,285,0.0976094,285,0.102637,285,0.102437
286,0.109009,286,0.101538,286,0.0982438,286,0.102405
287,0.095225,287,0.106988,287,0.101626,287,0.102374
288,0.10103,288,0.0930688,288,0.105331,288,0.102342
289,0.10403,289,0.0976089,289,0.101758,289,0.102311
290,0.100957,290,0.101816,290,0.1115,290,0.10228
291,0.0903721,291,0.0917848,291,0.101222,291,0.102249
292,0.0984649,292,0.0912463,292,0.102394,292,0.102218
293,0.100072,293,0.0991059,293,0.098085,293,0.102188
294,0.0853178,294,0.0978623,294,0.101439,294,0.102157
295,0.110893,295,0.0974821,295,0.105114,295,0.102127
296,0.112325,296,0.0967624,296,0.101566,296,0.102097
297,0.114637,297,0.103925,297,0.111166,297,0.102067
298,0.0969547,298,0.0939551,298,0.100989,298,0.102037
299,0.108247,299,0.0976262,299,0.102159,299,0.102007
300,0.107872,300,0.101194,300,0.0979326,300,0.101978
301,0.0951638,301,0.106712,301,0.101259,301,0.101949
302,0.0906073,302,0.0929525,302,0.104905,302,0.10192
303,0.105376,303,0.0974567,303,0.101382,303,0.101891
304,0.0873563,304,0.101754,304,0.110843,304,0.101862
305,0.102098,305,0.091603,305,0.100763,305,0.101833
306,0.0968805,306,0.0912173,306,0.101932,306,0.101805
307,0.0954023,307,0.0991085,307,0.0977865,307,0.101776
308,0.0805495,308,0.0978544,308,0.101086,308,0.101748
309,0.102696,309,0.0973842,309,0.104703,309,0.10172
310,0.101285,310,0.0967349,310,0.101204,310,0.101692
311,0.0986174,311,0.103764,311,0.11053,311,0.101664
312,0.0964034,312,0.0938191,312,0.100546,312,0.101637
313,0.126713,313,0.0976505,313,0.101713,313,0.101609
314,0.100616,314,0.100888,314,0.0976465,314,0.101582
315,0.116648,315,0.106469,315,0.10092,315,0.101555
316,0.106411,316,0.0928553,316,0.104509,316,0.101528
317,0.121357,317,0.0973265,317,0.101033,317,0.101501
318,0.0909125,318,0.101707,318,0.110225,318,0.101474
319,0.0960468,319,0.0914458,319,0.100336,319,0.101448
320,0.0957086,320,0.0911992,320,0.101502,320,0.101421
321,0.105549,321,0.0991193,321,0.0975123,321,0.101395
322,0.0869074,322,0.0978554,322,0.10076,322,0.101369
323,0.0890091,323,0.0973026,323,0.104321,323,0.101343
324,0.108151,324,0.0967181,324,0.100868,324,0.101317
325,0.101195,325,0.103625,325,0.109929,325,0.101291
326,0.0959104,326,0.093703,326,0.100133,326,0.101266
327,0.0961972,327,0.0976801,327,0.101297,327,0.10124
328,0.107634,328,0.100615,328,0.0973836,328,0.101215
329,0.102876,329,0.106253,329,0.100606,329,0.10119
330,0.107813,330,0.0927739,330,0.104139,330,0.101165
331,0.0911141,331,0.0972149,331,0.10071,331,0.10114
332,0.104873,332,0.101671,332,0.109642,332,0.101115
333,0.100806,333,0.0913098,333,0.0999365,333,0.10109
334,0.110278,334,0.0911895,334,0.1011,334,0.101066
335,0.0829372,335,0.0991362,335,0.0972604,335,0.101041
336,0.115121,336,0.0978633,336,0.100458,336,0.101017
337,0.0864383,337,0.0972346,337,0.103964,337,0.100993
338,0.0876409,338,0.0967097,338,0.100557,338,0.100969
339,0.102335,339,0.103505,339,0.109363,339,0.100945
340,0.0868158,340,0.0936039,340,0.099747,340,0.100922
341,0.0963174,341,0.0977134,341,0.10091,341,0.100898
342,0.106865,342,0.100372,342,0.0971423,342,0.100875
343,0.0865727,343,0.106062,343,0.100316,343,0.100851
344,0.0877131,344,0.0927059,344,0.103796,344,0.100828
345,0.100572,345,0.0971192,345,0.10041,345,0.100805
346,0.106489,346,0.101645,346,0.109092,346,0.100782
347,0.0842917,347,0.0911917,347,0.0995639,347,0.100759
348,0.0943363,348,0.0911866,348,0.100726,348,0.100736
349,0.119185,349,0.0991576,349,0.0970292,349,0.100714
350,0.109408,350,0.0978764,350,0.100179,350,0.100691
351,0.0940507,351,0.097178,351,0.103633,351,0.100669
352,0.0967446,352,0.0967078,352,0.100269,352,0.100647
353,0.0942218,353,0.1034,353,0.108829,353,0.100625
354,0.0975508,354,0.0935192,354,0.099387,354,0.100603
355,0.0941683,355,0.0977491,355,0.100549,355,0.100581
356,0.106188,356,0.100154,356,0.096921,356,0.100559
357,0.0957395,357,0.105893,357,0.100048,357,0.100537
358,0.101852,358,0.092649,358,0.103476,358,0.100516
359,0.101832,359,0.0970368,359,0.100133,359,0.100495
360,0.0995354,360,0.101627,360,0.108573,360,0.100473
361,0.0897798,361,0.0910891,361,0.0992161,361,0.100452
362,0.0958452,362,0.0911887,362,0.100378,362,0.100431
363,0.100689,363,0.0991821,363,0.0968173,363,0.10041
364,0.0851575,364,0.0978932,364,0.0999217,364,0.100389
365,0.108007,365,0.0971309,365,0.103324,365,0.100369
366,0.111885,366,0.096711,366,0.100002,366,0.100348
367,0.111133,367,0.103309,367,0.108325,367,0.100328
368,0.0961198,368,0.0934465,368,0.099051,368,0.100307
369,0.108336,369,0.0977862,369,0.100212,369,0.100287
370,0.106239,370,0.0999598,370,0.0967181,370,0.100267
371,0.0950979,371,0.105742,371,0.0998003,371,0.100247
372,0.0905392,372,0.0926015,372,0.103178,372,0.100227
373,0.101221,373,0.0969659,373,0.0998762,373,0.100207
374,0.0863722,374,0.101616,374,0.108084,374,0.100187
375,0.100284,375,0.0909998,375,0.0988914,375,0.100168
376,0.0980826,376,0.0911949,376,0.100052,376,0.100148
377,0.0945124,377,0.0992086,377,0.0966232,377,0.100129
378,0.0802407,378,0.0979126,378,0.0996836,378,0.100109
379,0.102637,379,0.0970917,379,0.103037,379,0.10009
380,0.099461,380,0.096718,380,0.0997552,380,0.100071
381,0.0965672,381,0.10323,381,0.107849,381,0.100052
382,0.095714,382,0.0933842,382,0.0987372,382,0.100033
383,0.122858,383,0.0978237,383,0.0998982,383,0.100014
384,0.0979516,384,0.0997852,384,0.0965324,384,0.0999957
385,0.112994,385,0.105608,385,0.0995715,385,0.0999771
386,0.10475,386,0.0925618,386,0.1029,386,0.0999586
387,0.118602,387,0.0969048,387,0.0996387,387,0.0999402
388,0.0896962,388,0.101609,388,0.107621,388,0.0999219
389,0.0960572,389,0.0909218,389,0.0985882,389,0.0999037
390,0.0929409,390,0.0912039,390,0.0997493,390,0.0998857
391,0.104716,391,0.0992364,391,0.0964456,391,0.0998677
392,0.0863169,392,0.0979339,392,0.0994637,392,0.0998498
393,0.088828,393,0.0970592,393,0.102769,393,0.099832
394,0.107694,394,0.0967278,394,0.0995267,394,0.0998143
395,0.0988971,395,0.103161,395,0.107399,395,0.0997967
396,0.0942929,396,0.0933307,396,0.0984443,396,0.0997792
397,0.0959065,397,0.0978612,397,0.0996055,397,0.0997618
398,0.106997,398,0.0996285,398,0.0963626,398,0.0997444
399,0.102144,399,0.105489,399,0.0993602,399,0.0997272
400,0.105973,400,0.0925285,400,0.102642,400,0.0997101
401,0.0920641,401,0.0968519,401,0.099419,401,0.099693
402,0.102597,402,0.101606,402,0.107184,402,0.0996761
403,0.0998335,403,0.0908537,403,0.0983052,403,0.0996592
404,0.11096,404,0.091215,404,0.0994667,404,0.0996424
405,0.0828373,405,0.0992647,405,0.0962833,405,0.0996258
406,0.113869,406,0.0979562,406,0.0992607,406,0.0996092
407,0.0839939,407,0.0970322,407,0.10252,407,0.0995927
408,0.0879156,408,0.0967397,408,0.0993154,408,0.0995763
409,0.0997198,409,0.1031,409,0.106974,409,0.09956
410,0.0863265,410,0.0932846,410,0.0981707,410,0.0995437
411,0.0943628,411,0.097898,411,0.0993326,411,0.0995276
412,0.106479,412,0.0994877,412,0.0962075,412,0.0995115
413,0.086225,413,0.105382,413,0.0991651,413,0.0994956
414,0.0887167,414,0.0925008,414,0.102402,414,0.0994797
415,0.0996494,415,0.0968062,415,0.0992159,415,0.0994639
416,0.106403,416,0.101606,416,0.106771,416,0.0994482
417,0.0834569,417,0.090794,417,0.0980408,417,0.0994326
418,0.0950381,418,0.0912277,418,0.0992032,418,0.099417
419,0.118928,419,0.0992931,419,0.0961351,419,0.0994015
420,0.108661,420,0.0979789,420,0.0990733,420,0.0993862
421,0.0946826,421,0.0970098,421,0.102289,421,0.0993709
422,0.0958503,422,0.0967529,422,0.0991201,422,0.0993557
423,0.0936294,423,0.103047,423,0.106573,423,0.0993405
424,0.097385,424,0.0932449,424,0.0979153,424,0.0993255
425,0.0925978,425,0.0979339,425,0.0990783,425,0.0993105
426,0.104284,426,0.0993609,426,0.0960659,426,0.0992956
427,0.0963603,427,0.105286,427,0.0989851,427,0.0992808
428,0.102713,428,0.0924776,428,0.102179,428,0.0992661
429,0.100333,429,0.0967665,429,0.0990281,429,0.0992515
430,0.0986775,430,0.101608,430,0.10638,430,0.0992369
431,0.0894966,431,0.0907416,431,0.097794,431,0.0992224
432,0.0941335,432,0.0912412,432,0.0989576,432,0.099208
433,0.101381,433,0.099321,433,0.0959999,433,0.0991937
434,0.0852495,434,0.0980018,434,0.0989004,434,0.0991794
435,0.106007,435,0.0969912,435,0.102073,435,0.0991653
436,0.11177,436,0.0967671,436,0.0989395,436,0.0991511
437,0.108695,437,0.103001,437,0.106193,437,0.0991371
438,0.0956761,438,0.0932106,438,0.0976767,438,0.0991232
439,0.108598,439,0.0979685,439,0.0988411,439,0.0991093
440,0.105168,440,0.0992467,440,0.0959369,440,0.0990955
441,0.0952563,441,0.105201,441,0.0988191,441,0.0990818
442,0.0906722,442,0.0924582,442,0.101971,442,0.0990682
443,0.098338,443,0.096732,443,0.0988545,443,0.0990546
444,0.085833,444,0.101612,444,0.106011,444,0.0990411
445,0.0990901,445,0.0906955,445,0.0975634,445,0.0990276
446,0.0991928,446,0.0912553,446,0.0987287,446,0.0990143
447,0.0940349,447,0.0993483,447,0.0958769,447,0.099001
448,0.0801694,448,0.0980244,448,0.098741,448,0.0989878
449,0.102767,449,0.0969758,449,0.101873,449,0.0989746
450,0.0982392,450,0.0967818,450,0.0987727,450,0.0989616
451,0.0951619,451,0.10296,451,0.105833,451,0.0989486
452,0.0953597,452,0.0931809,452,0.0974539,452,0.0989356
453,0.120083,453,0.0980017,453,0.0986201,453,0.0989228
454,0.0961258,454,0.0991437,454,0.0958196,454,0.09891
455,0.110401,455,0.105124,455,0.098666,455,0.0988973
456,0.103626,456,0.0924421,456,0.101778,456,0.0988846
457,0.116678,457,0.096702,457,0.0986942,457,0.0988721
458,0.0889429,458,0.101617,458,0.105661,458,0.0988595
459,0.096242,459,0.0906549,459,0.097348,459,0.0988471
460,0.091059,460,0.0912697,460,0.0985152,460,0.0988347
461,0.104239,461,0.0993747,461,0.095765,461,0.0988224
462,0.0860183,462,0.0980465,462,0.098594,462,0.0988101
463,0.0888547,463,0.0969631,463,0.101686,463,0.098798
464,0.107517,464,0.0967966,464,0.0986187,464,0.0987859
465,0.0973554,465,0.102924,465,0.105493,465,0.0987738
466,0.0932172,466,0.0931551,466,0.0972458,466,0.0987618
467,0.0958749,467,0.0980333,467,0.098414,467,0.0987499
468,0.106656,468,0.0990507,468,0.0957129,468,0.098738
469,0.101725,469,0.105055,469,0.0985249,469,0.0987262
470,0.104733,470,0.0924286,470,0.101598,470,0.0987145
471,0.0929791,471,0.0966758,471,0.0985462,471,0.0987029
472,0.101026,472,0.101623,472,0.10533,472,0.0986913
473,0.0992639,473,0.090619,473,0.0971469,473,0.0986797
474,0.111652,474,0.091284,474,0.0983162,474,0.0986682
475,0.0829181,475,0.0994001,475,0.0956634,475,0.0986568
476,0.113066,476,0.0980679,476,0.0984586,476,0.0986455
477,0.0822643,477,0.0969526,477,0.101513,477,0.0986342
478,0.0882886,478,0.0968113,478,0.0984765,478,0.0986229
479,0.09793,479,0.102892,479,0.105171,479,0.0986118
480,0.0861059,480,0.0931328,480,0.0970513,480,0.0986007
481,0.0930061,481,0.0980633,481,0.0982218,481,0.0985896
482,0.106326,482,0.0989666,482,0.0956162,482,0.0985786
483,0.0861087,483,0.104992,483,0.0983949,483,0.0985677
484,0.0896327,484,0.0924173,484,0.101431,484,0.0985568
485,0.0990692,485,0.0966529,485,0.0984095,485,0.098546
486,0.106461,486,0.10163,486,0.105017,486,0.0985353
487,0.0829856,487,0.0905874,487,0.096959,487,0.0985246
488,0.0957381,488,0.0912981,488,0.0981307,488,0.0985139
489,0.118871,489,0.0994243,489,0.0955713,489,0.0985034
490,0.108243,490,0.0980884,490,0.0983338,490,0.0984928
491,0.0952835,491,0.096944,491,0.101352,491,0.0984824
492,0.0953023,492,0.0968258,492,0.0983453,492,0.098472
493,0.0933077,493,0.102864,493,0.104866,493,0.0984616
494,0.0974103,494,0.0931133,494,0.0968697,494,0.0984513
495,0.0915234,495,0.0980917,495,0.0980427,495,0.0984411
496,0.102976,496,0.0988906,496,0.0955286,496,0.0984309
497,0.0969685,497,0.104936,497,0.0982752,497,0.0984207
498,0.103508,498,0.092408,498,0.101275,498,0.0984107
499,0.0992906,499,0.0966329,499,0.0982835,499,0.0984006
500,0.0981566,500,0.101637,500,0.10472,500,0.0983907
501,0.0893795,501,0.0905593,501,0.0967834,501,0.0983807
502,0.0929952,502,0.0913118,502,0.0979577,502,0.0983709
503,0.102039,503,0.0994473,503,0.095488,503,0.0983611
504,0.0854465,504,0.0981081,504,0.098219,504,0.0983513
505,0.104599,505,0.0969368,505,0.101202,505,0.0983416
506,0.111813,506,0.0968399,506,0.0982242,506,0.098332
507,0.106972,507,0.102839,507,0.104577,507,0.0983224
508,0.0954516,508,0.0930963,508,0.0967,508,0.0983128
509,0.108911,509,0.0981184,509,0.0978756,509,0.0983033
510,0.104452,510,0.0988217,510,0.0954494,510,0.0982939
511,0.0954999,511,0.104886,511,0.0981651,511,0.0982845
512,0.0908831,512,0.0924001,512,0.101131,512,0.0982752
513,0.096305,513,0.0966153,513,0.0981673,513,0.0982659
514,0.0855461,514,0.101644,514,0.104439,514,0.0982566
515,0.098291,515,0.0905343,515,0.0966194,515,0.0982474
516,0.100155,516,0.091325,516,0.0977964,516,0.0982383
517,0.0937893,517,0.0994691,517,0.0954128,517,0.0982292
518,0.0802125,518,0.0981267,518,0.0981134,518,0.0982202
519,0.102969,519,0.096931,519,0.101062,519,0.0982112
520,0.0974059,520,0.0968535,520,0.0981127,520,0.0982022
521,0.0941815,521,0.102816,521,0.104304,521,0.0981933
522,0.09519,522,0.0930815,522,0.0965414,522,0.0981845
523,0.11806,523,0.0981434,523,0.0977199,523,0.0981757
524,0.0948532,524,0.0987593,524,0.095378,524,0.0981669
525,0.108536,525,0.10484,525,0.0980638,525,0.0981582
526,0.10285,526,0.0923936,526,0.100996,526,0.0981495
527,0.115314,527,0.0965998,527,0.0980602,527,0.098141
528,0.0884705,528,0.101652,528,0.104172,528,0.0981324
529,0.0964874,529,0.0905122,529,0.0964661,529,0.0981239
530,0.0897573,530,0.0913378,530,0.0976461,530,0.0981154
531,0.10397,531,0.0994896,531,0.0953451,531,0.098107
532,0.0858798,532,0.0981444,532,0.0980162,532,0.0980986
533,0.0889726,533,0.0969262,533,0.100933,533,0.0980902
534,0.107484,534,0.0968665,534,0.0980099,534,0.0980819
535,0.0963028,535,0.102797,535,0.104044,535,0.0980737
536,0.0924892,536,0.0930686,536,0.0963933,536,0.0980655
537,0.095963,537,0.0981669,537,0.0975747,537,0.0980573
538,0.10648,538,0.0987027,538,0.0953138,538,0.0980492
539,0.101486,539,0.104799,539,0.0979707,539,0.0980411
540,0.103882,540,0.0923882,540,0.100871,540,0.0980331
541,0.0937903,541,0.0965862,541,0.0979616,541,0.0980252
542,0.0999246,542,0.101659,542,0.103919,542,0.0980172
543,0.0989307,543,0.0904924,543,0.0963229,543,0.0980093
544,0.112284,544,0.0913499,544,0.0975059,544,0.0980015
545,0.0830725,545,0.0995088,545,0.0952842,545,0.0979936
546,0.112541,546,0.098161,546,0.097927,546,0.0979859
547,0.0810231,547,0.0969223,547,0.100812,547,0.0979781
548,0.0886701,548,0.0968789,548,0.0979152,548,0.0979704
549,0.0966841,549,0.102779,549,0.103798,549,0.0979628
550,0.0860275,550,0.0930572,550,0.0962548,550,0.0979552
551,0.0920493,551,0.0981887,551,0.0974394,551,0.0979476
552,0.106293,552,0.0986513,552,0.0952562,552,0.0979401
553,0.0861077,553,0.104762,553,0.0978851,553,0.0979326
554,0.0904213,554,0.0923836,554,0.100755,554,0.0979252
555,0.0986993,555,0.0965742,555,0.0978707,555,0.0979178
556,0.10658,556,0.101666,556,0.10368,556,0.0979104
557,0.0827235,557,0.0904748,557,0.096189,557,0.0979031
558,0.0963701,558,0.0913614,558,0.0973752,558,0.0978958
559,0.118908,559,0.0995268,559,0.0952297,559,0.0978886
560,0.108013,560,0.0981767,560,0.097845,560,0.0978814
561,0.0958129,561,0.0969191,561,0.1007,561,0.0978742
562,0.094963,562,0.0968907,562,0.0978281,562,0.0978671
563,0.0931389,563,0.102763,563,0.103564,563,0.09786
564,0.0975192,564,0.0930472,564,0.0961254,564,0.097853
565,0.090776,565,0.0982091,565,0.0973132,565,0.0978459
566,0.102062,566,0.0986047,566,0.0952046,566,0.097839
567,0.0975125,567,0.104728,567,0.0978066,567,0.097832
568,0.104197,568,0.0923799,568,0.100647,568,0.0978251
569,0.0985548,569,0.0965635,569,0.0977871,569,0.0978183
570,0.0978377,570,0.101673,570,0.103452,570,0.0978114
571,0.0893485,571,0.090459,571,0.0960639,571,0.0978047
572,0.0922248,572,0.0913722,572,0.0972533,572,0.0977979
573,0.102619,573,0.0995437,573,0.095181,573,0.0977912
574,0.0856719,574,0.0981914,574,0.0977699,574,0.0977845
575,0.103592,575,0.0969165,575,0.100596,575,0.0977779
576,0.111922,576,0.0969018,576,0.0977479,576,0.0977713
577,0.105736,577,0.102749,577,0.103343,577,0.0977647
578,0.0953474,578,0.0930384,578,0.0960044,578,0.0977582
579,0.109218,579,0.0982281,579,0.0971955,579,0.0977517
580,0.103965,580,0.0985623,580,0.0951586,580,0.0977452
581,0.0957583,581,0.104698,581,0.0977346,581,0.0977388
582,0.091109,582,0.0923767,582,0.100547,582,0.0977324
583,0.0948507,583,0.0965541,583,0.0977103,583,0.0977261
584,0.0854005,584,0.101679,584,0.103236,584,0.0977197
585,0.0977465,585,0.090445,585,0.0959469,585,0.0977134
586,0.100959,586,0.0913825,586,0.0971397,586,0.0977072
587,0.0936718,587,0.0995594,587,0.0951376,587,0.097701
588,0.080303,588,0.0982051,588,0.0977009,588,0.0976948
589,0.103185,589,0.0969144,589,0.100499,589,0.0976886
590,0.0968278,590,0.0969122,590,0.0976742,590,0.0976825
591,0.0934868,591,0.102737,591,0.103132,591,0.0976764
592,0.0951199,592,0.0930306,592,0.0958913,592,0.0976703
593,0.116571,593,0.0982457,593,0.0970858,593,0.0976643
594,0.0939522,594,0.0985238,594,0.0951178,594,0.0976583
595,0.107179,595,0.10467,595,0.0976686,595,0.0976524
596,0.102307,596,0.0923741,596,0.100454,596,0.0976464
597,0.114334,597,0.0965458,597,0.0976397,597,0.0976405
598,0.0881701,598,0.101686,598,0.103031,598,0.0976347
599,0.0967365,599,0.0904323,599,0.0958376,599,0.0976288
600,0.0888425,600,0.0913921,600,0.0970338,600,0.097623
601,0.103819,601,0.099574,601,0.0950991,601,0.0976173
602,0.0858266,602,0.0982178,602,0.0976378,602,0.0976115
603,0.0891204,603,0.0969127,603,0.10041,603,0.0976058
604,0.107519,604,0.096922,604,0.0976066,604,0.0976001
605,0.0955719,605,0.102725,605,0.102933,605,0.0975945
606,0.0919879,606,0.0930238,606,0.0957856,606,0.0975889
607,0.0960965,607,0.098262,607,0.0969835,607,0.0975833
608,0.106397,608,0.0984887,608,0.0950816,608,0.0975778
609,0.101351,609,0.104645,609,0.0976082,609,0.0975722
610,0.103287,610,0.092372,610,0.100367,610,0.0975667
611,0.0944766,611,0.0965383,611,0.0975748,611,0.0975613
612,0.0991401,612,0.101692,612,0.102837,612,0.0975559
613,0.098736,613,0.090421,613,0.0957353,613,0.0975504
614,0.112827,614,0.0914011,614,0.096935,614,0.0975451
615,0.0832451,615,0.0995876,615,0.0950652,615,0.0975397
616,0.112193,616,0.0982297,616,0.09758,616,0.0975344
617,0.0801214,617,0.0969114,617,0.100326,617,0.0975291
618,0.0890186,618,0.0969312,618,0.0975444,618,0.0975238
619,0.0958032,619,0.102715,619,0.102743,619,0.0975186
620,0.0860206,620,0.0930177,620,0.0956867,620,0.0975134
621,0.0913646,621,0.0982772,621,0.0968881,621,0.0975082
622,0.106318,622,0.0984569,622,0.0950498,622,0.0975031
623,0.0861588,623,0.104622,623,0.0975529,623,0.097498
624,0.0910764,624,0.0923702,624,0.100287,624,0.0974929
625,0.0984597,625,0.0965317,625,0.0975153,625,0.0974878
626,0.106713,626,0.101698,626,0.102652,626,0.0974828
627,0.0825808,627,0.0904108,627,0.0956397,627,0.0974777
628,0.0969105,628,0.0914095,628,0.0968428,628,0.0974728
629,0.118985,629,0.0996002,629,0.0950354,629,0.0974678
630,0.10789,630,0.0982408,630,0.0975271,630,0.0974629
631,0.0962589,631,0.0969103,631,0.100249,631,0.097458
632,0.0947506,632,0.0969397,632,0.0974874,632,0.0974531
633,0.0930551,633,0.102706,633,0.102563,633,0.0974482
634,0.0976553,634,0.0930123,634,0.0955943,634,0.0974434
635,0.0902478,635,0.0982912,635,0.0967991,635,0.0974386
636,0.101413,636,0.0984278,636,0.095022,636,0.0974339
637,0.0979751,637,0.104601,637,0.0975024,637,0.0974291
638,0.104772,638,0.0923687,638,0.100212,638,0.0974244
639,0.0980276,639,0.0965258,639,0.0974608,639,0.0974197
640,0.0976405,640,0.101703,640,0.102476,640,0.097415
641,0.0893593,641,0.0904016,641,0.0955503,641,0.0974104
642,0.0916943,642,0.0914173,642,0.0967569,642,0.0974058
643,0.103108,643,0.0996118,643,0.0950094,643,0.0974012
644,0.0858883,644,0.098251,644,0.0974788,644,0.0973966
645,0.102864,645,0.0969094,645,0.100176,645,0.0973921
646,0.112052,646,0.0969477,646,0.0974352,646,0.0973875
647,0.104838,647,0.102698,647,0.102391,647,0.097383
648,0.0953074,648,0.0930075,648,0.0955078,648,0.0973786
649,0.109493,649,0.0983041,649,0.0967162,649,0.0973741
650,0.103628,650,0.0984014,650,0.0949978,650,0.0973697
651,0.0959984,651,0.104582,651,0.0974563,651,0.0973653
652,0.0913198,652,0.0923675,652,0.100142,652,0.0973609
653,0.0937972,653,0.0965205,653,0.0974108,653,0.0973566
654,0.0853325,654,0.101708,654,0.102309,654,0.0973522
655,0.097369,655,0.0903934,655,0.0954667,655,0.0973479
656,0.101614,656,0.0914246,656,0.0966768,656,0.0973436
657,0.0936234,657,0.0996226,657,0.0949869,657,0.0973394
658,0.0804063,658,0.0982605,658,0.0974348,658,0.0973351
659,0.103386,659,0.0969088,659,0.100109,659,0.0973309
660,0.0964204,660,0.0969551,660,0.0973874,660,0.0973267
661,0.0929876,661,0.102691,661,0.102229,661,0.0973226
662,0.0951013,662,0.0930033,662,0.095427,662,0.0973184
663,0.115465,663,0.0983161,663,0.0966388,663,0.0973143
664,0.0933054,664,0.0983773,664,0.0949769,664,0.0973102
665,0.106181,665,0.104565,665,0.0974142,665,0.0973061
666,0.10192,666,0.0923665,666,0.100078,666,0.0973021
667,0.11362,667,0.0965158,667,0.097365,667,0.097298
668,0.087976,668,0.101713,668,0.10215,668,0.097294
669,0.0969632,669,0.0903859,669,0.0953885,669,0.09729
670,0.0881899,670,0.0914314,670,0.0966021,670,0.0972861
671,0.103737,671,0.0996326,671,0.0949676,671,0.0972821
672,0.0858171,672,0.0982693,672,0.0973946,672,0.0972782
673,0.0892673,673,0.0969083,673,0.100047,673,0.0972743
674,0.10758,674,0.096962,674,0.0973437,674,0.0972704
675,0.0950562,675,0.102684,675,0.102074,675,0.0972665
676,0.091637,676,0.0929995,676,0.0953513,676,0.0972627
677,0.0962375,677,0.0983271,677,0.0965667,677,0.0972589
678,0.106362,678,0.0983553,678,0.094959,678,0.0972551
679,0.101277,679,0.10455,679,0.0973759,679,0.0972513
680,0.102866,680,0.0923656,680,0.100018,680,0.0972475
681,0.0950407,681,0.0965116,681,0.0973232,681,0.0972438
682,0.098574,682,0.101717,682,0.101999,682,0.0972401
683,0.0986224,683,0.0903792,683,0.0953153,683,0.0972364
684,0.113277,684,0.0914376,684,0.0965324,684,0.0972327
685,0.0834094,685,0.0996418,685,0.0949511,685,0.097229
686,0.111958,686,0.0982774,686,0.0973581,686,0.0972254
687,0.0794595,687,0.0969079,687,0.0999896,687,0.0972218
688,0.0893188,688,0.0969684,688,0.0973037,688,0.0972182
689,0.0951715,689,0.102678,689,0.101926,689,0.0972146
690,0.0860465,690,0.0929961,690,0.0952805,690,0.097211
691,0.0908685,691,0.0983372,691,0.0964994,691,0.0972075
692,0.106365,692,0.0983353,692,0.0949439,692,0.0972039
693,0.0862283,693,0.104535,693,0.0973411,693,0.0972005
694,0.0916085,694,0.0923649,694,0.0999623,694,0.097197
695,0.0983019,695,0.0965078,695,0.097285,695,0.0971935
696,0.106841,696,0.101721,696,0.101855,696,0.09719
697,0.0825057,697,0.0903731,697,0.0952469,697,0.0971866
698,0.0973577,698,0.0914434,698,0.0964675,698,0.0971832
699,0.119072,699,0.0996503,699,0.0949373,699,0.0971798
700,0.107827,700,0.098285,700,0.0973249,700,0.0971764
701,0.0966246,701,0.0969076,701,0.099936,701,0.0971731
702,0.0946156,702,0.0969743,702,0.0972672,702,0.0971697
703,0.0930177,703,0.102673,703,0.101786,703,0.0971664
704,0.0977904,704,0.0929931,704,0.0952143,704,0.0971631
705,0.0898692,705,0.0983466,705,0.0964366,705,0.0971598
706,0.100947,706,0.098317,706,0.0949314,706,0.0971566
707,0.0983565,707,0.104522,707,0.0973095,707,0.0971533
708,0.10524,708,0.0923644,708,0.0999106,708,0.0971501
709,0.0976452,709,0.0965044,709,0.0972502,709,0.0971469
710,0.0975171,710,0.101725,710,0.101719,710,0.0971437
711,0.0893878,711,0.0903676,711,0.0951828,711,0.0971405
712,0.0913228,712,0.0914488,712,0.0964069,712,0.0971373
713,0.10351,713,0.0996582,713,0.094926,713,0.0971342
714,0.0860799,714,0.0982919,714,0.0972948,714,0.0971311
715,0.102331,715,0.0969074,715,0.0998862,715,0.097128
716,0.112178,716,0.0969798,716,0.0972339,716,0.0971249
717,0.10418,717,0.102668,717,0.101653,717,0.0971218
718,0.0953002,718,0.0929903,718,0.0951523,718,0.0971187
719,0.109726,719,0.0983552,719,0.0963781,719,0.0971157
720,0.103391,720,0.0983003,720,0.0949211,720,0.0971126
721,0.0962071,721,0.104511,721,0.0972808,721,0.0971096
722,0.0915035,722,0.0923639,722,0.0998627,722,0.0971067
723,0.0930255,723,0.0965013,723,0.0972184,723,0.0971037
724,0.085306,724,0.101729,724,0.101588,724,0.0971007
725,0.0971031,725,0.0903627,725,0.0951228,725,0.0970978
726,0.102138,726,0.0914538,726,0.0963504,726,0.0970948
727,0.0936106,727,0.0996654,727,0.0949168,727,0.0970919
728,0.0805053,728,0.0982983,728,0.0972675,728,0.097089
729,0.10356,729,0.0969072,729,0.09984,729,0.0970861
730,0.096129,730,0.0969848,730,0.0972036,730,0.0970833
731,0.0926246,731,0.102663,731,0.101526,731,0.0970804
732,0.0951077,732,0.0929879,732,0.0950943,732,0.0970776
733,0.114639,733,0.0983631,733,0.0963235,733,0.0970747
734,0.0928354,734,0.0982851,734,0.094913,734,0.0970719
735,0.105441,735,0.1045,735,0.0972549,735,0.0970692
736,0.101641,736,0.0923635,736,0.0998182,736,0.0970664
737,0.113096,737,0.0964985,737,0.0971895,737,0.0970636
738,0.0878486,738,0.101732,738,0.101464,738,0.0970609
739,0.0971581,739,0.0903582,739,0.0950667,739,0.0970581
740,0.0877182,740,0.0914584,740,0.0962977,740,0.0970554
741,0.103693,741,0.0996721,741,0.0949097,741,0.0970527
742,0.085828,742,0.0983042,742,0.0972428,742,0.09705
743,0.0893998,743,0.0969071,743,0.0997972,743,0.0970473
744,0.107648,744,0.0969895,744,0.0971761,744,0.0970447
745,0.0946871,745,0.102659,745,0.101405,745,0.0970421
746,0.0913876,746,0.0929857,746,0.09504,746,0.0970394
747,0.0963684,747,0.0983704,747,0.0962726,747,0.0970368
748,0.106354,748,0.0982713,748,0.0949067,748,0.0970342
749,0.101236,749,0.10449,749,0.0972314,749,0.0970316
750,0.102564,750,0.0923632,750,0.0997769,750,0.097029
751,0.0954953,751,0.0964961,751,0.0971633,751,0.0970265
752,0.0981608,752,0.101735,752,0.101346,752,0.0970239
753,0.0985564,753,0.0903541,753,0.0950142,753,0.0970214
754,0.113643,754,0.0914626,754,0.0962485,754,0.0970189
755,0.083554,755,0.0996782,755,0.0949043,755,0.0970164
756,0.111797,756,0.0983096,756,0.0972206,756,0.0970139
757,0.0789693,757,0.0969071,757,0.0997574,757,0.0970114
758,0.0895682,758,0.0969938,758,0.0971511,758,0.0970089
759,0.0947128,759,0.102656,759,0.101289,759,0.0970065
760,0.0860848,760,0.0929837,760,0.0949892,760,0.0970041
761,0.090505,761,0.0983771,761,0.0962251,761,0.0970016
762,0.106419,762,0.0982586,762,0.0949022,762,0.0969992
763,0.0862996,763,0.104481,763,0.0972103,763,0.0969968
764,0.0920339,764,0.092363,764,0.0997386,764,0.0969944
765,0.0981961,765,0.0964938,765,0.0971394,765,0.0969921
766,0.106954,766,0.101738,766,0.101234,766,0.0969897
767,0.0824682,767,0.0903504,767,0.094965,767,0.0969874
768,0.0977199,768,0.0914665,768,0.0962026,768,0.096985
769,0.119155,769,0.0996838,769,0.0949006,769,0.0969827
770,0.107797,770,0.0983146,770,0.0972005,770,0.0969804
771,0.0969187,771,0.0969071,771,0.0997205,771,0.0969781
772,0.0945286,772,0.0969977,772,0.0971284,772,0.0969758
773,0.0930049,773,0.102652,773,0.101179,773,0.0969735
774,0.0979122,774,0.0929819,774,0.0949415,774,0.0969713
775,0.0895944,775,0.0983833,775,0.0961808,775,0.096969
776,0.100607,776,0.098247,776,0.0948993,776,0.0969668
777,0.0986647,777,0.104473,777,0.0971913,777,0.0969646
778,0.105614,778,0.0923627,778,0.099703,778,0.0969623
779,0.0973647,779,0.0964918,779,0.0971179,779,0.0969602
780,0.0974389,780,0.101741,780,0.101126,780,0.096958
781,0.0894215,781,0.090347,781,0.0949189,781,0.0969558
782,0.0910588,782,0.0914701,782,0.0961598,782,0.0969536
783,0.103832,783,0.099689,783,0.0948984,783,0.0969515
784,0.0862419,784,0.0983192,784,0.0971825,784,0.0969493
785,0.101938,785,0.0969071,785,0.0996862,785,0.0969472
786,0.11229,786,0.0970014,786,0.0971079,786,0.0969451
787,0.103693,787,0.102649,787,0.101075,787,0.096943
788,0.0953085,788,0.0929804,788,0.094897,788,0.0969409
789,0.109918,789,0.0983889,789,0.0961395,789,0.0969388
790,0.103222,790,0.0982364,790,0.0948978,790,0.0969367
791,0.0963817,791,0.104466,791,0.0971743,791,0.0969347
792,0.0916573,792,0.0923626,792,0.0996701,792,0.0969326
793,0.0924552,793,0.0964899,793,0.0970984,793,0.0969306
794,0.0853008,794,0.101743,794,0.101024,794,0.0969286
795,0.0969131,795,0.0903439,795,0.0948757,795,0.0969265
796,0.102553,796,0.0914734,796,0.0961199,796,0.0969245
797,0.0936153,797,0.0996938,797,0.0948975,797,0.0969225
798,0.0805929,798,0.0983234,798,0.0971664,798,0.0969205
799,0.103707,799,0.0969071,799,0.0996545,799,0.0969186
800,0.0959179,800,0.0970048,800,0.0970893,800,0.0969166
801,0.0923578,801,0.102646,801,0.100975,801,0.0969146
802,0.0951247,802,0.0929789,802,0.0948552,802,0.0969127
803,0.114019,803,0.0983941,803,0.096101,803,0.0969108
804,0.0924902,804,0.0982268,804,0.0948975,804,0.0969088
805,0.104888,805,0.104459,805,0.097159,805,0.0969069
806,0.101438,806,0.0923624,806,0.0996395,806,0.096905
807,0.112708,807,0.0964883,807,0.0970808,807,0.0969031
808,0.0877634,808,0.101745,808,0.100926,808,0.0969013
809,0.0973198,809,0.0903412,809,0.0948353,809,0.0968994
810,0.0873735,810,0.0914765,810,0.0960827,810,0.0968975
811,0.103671,811,0.0996981,811,0.0948978,811,0.0968957
812,0.0858472,812,0.0983273,812,0.0971521,812,0.0968939
813,0.0895129,813,0.0969071,813,0.099625,813,0.096892
814,0.107713,814,0.0970079,814,0.0970726,814,0.0968902
815,0.0944196,815,0.102644,815,0.100879,815,0.0968884
816,0.091208,816,0.0929776,816,0.0948161,816,0.0968866
817,0.0964821,817,0.0983989,817,0.096065,817,0.0968848
818,0.106357,818,0.0982179,818,0.0948984,818,0.096883
819,0.101215,819,0.104453,819,0.0971455,819,0.0968813
820,0.102344,820,0.0923623,820,0.0996111,820,0.0968795
821,0.0958569,821,0.0964868,821,0.0970649,821,0.0968777
822,0.0978563,822,0.101748,822,0.100833,822,0.096876
823,0.0985181,823,0.0903386,823,0.0947975,823,0.0968743
824,0.113935,824,0.0914793,824,0.096048,824,0.0968725
825,0.0836759,825,0.0997021,825,0.0948993,825,0.0968708
826,0.111684,826,0.0983308,826,0.0971393,826,0.0968691
827,0.0786036,827,0.0969072,827,0.0995977,827,0.0968674
828,0.0897708,828,0.0970107,828,0.0970576,828,0.0968657
829,0.0943763,829,0.102642,829,0.100788,829,0.096864
830,0.0861249,830,0.0929764,830,0.0947794,830,0.0968624
831,0.0902363,831,0.0984033,831,0.0960315,831,0.0968607
832,0.10647,832,0.0982099,832,0.0949004,832,0.0968591
833,0.0863647,833,0.104447,833,0.0971334,833,0.0968574
834,0.0923702,834,0.0923622,834,0.0995848,834,0.0968558
835,0.0981239,835,0.0964854,835,0.0970507,835,0.0968542
836,0.107049,836,0.101749,836,0.100745,836,0.0968526
837,0.0824513,837,0.0903363,837,0.094762,837,0.0968509
838,0.0980089,838,0.0914818,838,0.0960155,838,0.0968493
839,0.119228,839,0.0997058,839,0.0949017,839,0.0968478
840,0.107785,840,0.0983341,840,0.097128,840,0.0968462
841,0.0971524,841,0.0969072,841,0.0995724,841,0.0968446
842,0.0944715,842,0.0970133,842,0.0970442,842,0.0968431
843,0.0930043,843,0.10264,843,0.100702,843,0.0968415
844,0.0980162,844,0.0929753,844,0.0947451,844,0.0968399
845,0.0893929,845,0.0984073,845,0.0960002,845,0.0968384
846,0.100357,846,0.0982025,846,0.0949032,846,0.0968369
847,0.0989101,847,0.104442,847,0.0971228,847,0.0968354
848,0.105911,848,0.0923622,848,0.0995605,848,0.0968338
849,0.0971573,849,0.0964842,849,0.097038,849,0.0968323
850,0.0973884,850,0.101751,850,0.10066,850,0.0968308
851,0.0894544,851,0.0903342,851,0.0947287,851,0.0968294
852,0.0908686,852,0.0914842,852,0.0959853,852,0.0968279
853,0.104089,853,0.0997092,853,0.0949049,853,0.0968264
854,0.0863748,854,0.0983371,854,0.097118,854,0.0968249
855,0.101645,855,0.0969073,855,0.099549,855,0.0968235
856,0.112385,856,0.0970157,856,0.0970321,856,0.096822
857,0.103329,857,0.102638,857,0.100619,857,0.0968206
858,0.0953229,858,0.0929744,858,0.0947129,858,0.0968192
859,0.110074,859,0.098411,859,0.0959709,859,0.0968177
860,0.1031,860,0.0981958,860,0.0949069,860,0.0968163
861,0.096524,861,0.104437,861,0.0971134,861,0.0968149
862,0.0917829,862,0.0923621,862,0.0995379,862,0.0968135
863,0.0920304,863,0.096483,863,0.0970266,863,0.0968121
864,0.0853057,864,0.101753,864,0.100579,864,0.0968107
865,0.0967755,865,0.0903323,865,0.0946975,865,0.0968093
866,0.102879,866,0.0914864,866,0.0959571,866,0.096808
867,0.0936272,867,0.0997123,867,0.094909,867,0.0968066
868,0.0806669,868,0.0983399,868,0.0971092,868,0.0968052
869,0.103826,869,0.0969073,869,0.0995272,869,0.0968039
870,0.0957634,870,0.0970179,870,0.0970214,870,0.0968025
871,0.0921601,871,0.102636,871,0.10054,871,0.0968012
872,0.0951449,872,0.0929735,872,0.0946827,872,0.0967999
873,0.11355,873,0.0984144,873,0.0959437,873,0.0967985
874,0.0922344,874,0.0981896,874,0.0949113,874,0.0967972
875,0.104473,875,0.104433,875,0.0971052,875,0.0967959
876,0.101288,876,0.0923621,876,0.099517,876,0.0967946
877,0.112418,877,0.096482,877,0.0970165,877,0.0967934
878,0.0877054,878,0.101754,878,0.100501,878,0.096792
879,0.097451,879,0.0903306,879,0.0946683,879,0.0967908
880,0.0871191,880,0.0914884,880,0.0959308,880,0.0967895
881,0.103661,881,0.0997152,881,0.0949137,881,0.0967882
882,0.0858682,882,0.0983424,882,0.0971016,882,0.096787
883,0.0896065,883,0.0969074,883,0.0995071,883,0.0967857
884,0.107769,884,0.09702,884,0.0970119,884,0.0967845
885,0.0942236,885,0.102634,885,0.100464,885,0.0967832
886,0.0910771,886,0.0929727,886,0.0946544,886,0.096782
887,0.0965771,887,0.0984175,887,0.0959182,887,0.0967808
888,0.106366,888,0.098184,888,0.0949163,888,0.0967796
889,0.101205,889,0.104429,889,0.0970981,889,0.0967783
890,0.102182,890,0.0923621,890,0.0994976,890,0.0967771
891,0.0961417,891,0.0964811,891,0.0970076,891,0.0967759
892,0.09763,892,0.101756,892,0.100428,892,0.0967747
893,0.0984959,893,0.090329,893,0.0946409,893,0.0967736
894,0.114166,894,0.0914902,894,0.0959062,894,0.0967724
895,0.0837758,895,0.0997178,895,0.0949191,895,0.0967712
896,0.111603,896,0.0983447,896,0.097095,896,0.0967701
897,0.0783292,897,0.0969075,897,0.0994885,897,0.0967689
898,0.0899328,898,0.0970218,898,0.0970035,898,0.0967677
899,0.0941272,899,0.102633,899,0.100392,899,0.0967666
900,0.086162,900,0.092972,900,0.0946278,900,0.0967654
901,0.0900361,901,0.0984203,901,0.0958945,901,0.0967643
902,0.106515,902,0.0981789,902,0.094922,902,0.0967632
903,0.0864207,903,0.104425,903,0.097092,903,0.096762
904,0.0926341,904,0.092362,904,0.0994797,904,0.0967609
905,0.0980739,905,0.0964802,905,0.0969997,905,0.0967598
906,0.107127,906,0.101757,906,0.100357,906,0.0967587
907,0.0824452,907,0.0903275,907,0.0946152,907,0.0967576
908,0.098237,908,0.0914919,908,0.0958832,908,0.0967565
909,0.11929,909,0.0997202,909,0.094925,909,0.0967554
910,0.107782,910,0.0983469,910,0.0970893,910,0.0967543
911,0.0973364,911,0.0969075,911,0.0994712,911,0.0967533
912,0.0944334,912,0.0970235,912,0.0969961,912,0.0967522
913,0.0930092,913,0.102632,913,0.100323,913,0.0967511
914,0.0981021,914,0.0929713,914,0.0946029,914,0.0967501
915,0.0892438,915,0.0984229,915,0.0958724,915,0.096749
916,0.100172,916,0.0981742,916,0.0949281,916,0.096748
917,0.0991036,917,0.104422,917,0.0970868,917,0.0967469
918,0.106144,918,0.092362,918,0.0994631,918,0.0967459
919,0.0970026,919,0.0964795,919,0.0969928,919,0.0967449
920,0.0973554,920,0.101758,920,0.10029,920,0.0967438
921,0.0894837,921,0.0903262,921,0.0945911,921,0.0967428
922,0.0907299,922,0.0914935,922,0.0958618,922,0.0967418
923,0.104291,923,0.0997224,923,0.0949313,923,0.0967408
924,0.086482,924,0.0983488,924,0.0970845,924,0.0967398
925,0.101425,925,0.0969076,925,0.0994552,925,0.0967388
926,0.112464,926,0.0970251,926,0.0969897,926,0.0967378
927,0.103056,927,0.102631,927,0.100257,927,0.0967368
928,0.0953387,928,0.0929707,928,0.0945796,928,0.0967358
929,0.110198,929,0.0984253,929,0.0958517,929,0.0967349
930,0.10301,930,0.0981699,930,0.0949346,930,0.0967339
931,0.0966381,931,0.104419,931,0.0970824,931,0.0967329
932,0.0918836,932,0.092362,932,0.0994477,932,0.096732
933,0.0917121,933,0.0964788,933,0.0969868,933,0.096731
934,0.0853146,934,0.101759,934,0.100225,934,0.0967301
935,0.0966748,935,0.090325,935,0.0945684,935,0.0967291
936,0.103134,936,0.0914949,936,0.0958419,936,0.0967282
937,0.0936413,937,0.0997244,937,0.0949381,937,0.0967273
938,0.0807276,938,0.0983506,938,0.0970805,938,0.0967263
939,0.103922,939,0.0969077,939,0.0994404,939,0.0967254
940,0.0956492,940,0.0970265,940,0.0969841,940,0.0967245
941,0.0920125,941,0.102629,941,0.100194,941,0.0967235
942,0.0951646,942,0.0929702,942,0.0945577,942,0.0967226
943,0.113195,943,0.0984275,943,0.0958324,943,0.0967217
944,0.0920436,944,0.0981659,944,0.0949416,944,0.0967208
945,0.104159,945,0.104416,945,0.0970788,945,0.0967199
946,0.101177,946,0.092362,946,0.0994335,946,0.096719
947,0.1122,947,0.0964781,947,0.0969816,947,0.0967182
948,0.0876653,948,0.10176,948,0.100164,948,0.0967173
949,0.0975558,949,0.0903239,949,0.0945472,949,0.0967164
950,0.0869299,950,0.0914962,950,0.0958232,950,0.0967155
951,0.103657,951,0.0997262,951,0.0949452,951,0.0967147
952,0.085888,952,0.0983523,952,0.0970772,952,0.0967138
953,0.0896822,953,0.0969077,953,0.0994268,953,0.096713
954,0.107817,954,0.0970279,954,0.0969793,954,0.0967121
955,0.0940787,955,0.102628,955,0.100134,955,0.0967112
956,0.0909807,956,0.0929697,956,0.0945371,956,0.0967104
957,0.0966545,957,0.0984295,957,0.0958144,957,0.0967096
958,0.106376,958,0.0981624,958,0.0949488,958,0.0967087
959,0.101201,959,0.104414,959,0.0970758,959,0.0967079
960,0.102062,960,0.092362,960,0.0994203,960,0.0967071
961,0.0963646,961,0.0964775,961,0.0969771,961,0.0967063
962,0.0974608,962,0.101761,962,0.100105,962,0.0967054
963,0.0984832,963,0.0903229,963,0.0945273,963,0.0967046
964,0.114348,964,0.0914973,964,0.0958058,964,0.0967038
965,0.0838562,965,0.0997279,965,0.0949526,965,0.096703
966,0.111546,966,0.0983538,966,0.0970746,966,0.0967022
967,0.0781223,967,0.0969078,967,0.0994141,967,0.0967014
968,0.0900609,968,0.0970291,968,0.0969751,968,0.0967006
969,0.0939414,969,0.102628,969,0.100076,969,0.0966998
970,0.0861942,970,0.0929693,970,0.0945178,970,0.0966991
971,0.0898861,971,0.0984313,971,0.0957976,971,0.0966983
972,0.106553,972,0.0981591,972,0.0949564,972,0.0966975
973,0.0864673,973,0.104411,973,0.0970735,973,0.0966968
974,0.0928399,974,0.092362,974,0.0994082,974,0.096696
975,0.0980386,975,0.096477,975,0.0969733,975,0.0966952
976,0.10719,976,0.101762,976,0.100048,976,0.0966945
977,0.0824447,977,0.090322,977,0.0945086,977,0.0966937
978,0.0984158,978,0.0914984,978,0.0957896,978,0.096693
979,0.119341,979,0.0997295,979,0.0949602,979,0.0966922
980,0.107783,980,0.0983551,980,0.0970725,980,0.0966915
981,0.0974801,981,0.0969078,981,0.0994024,981,0.0966907
982,0.0944075,982,0.0970302,982,0.0969717,982,0.09669
983,0.0930162,983,0.102627,983,0.100021,983,0.0966893
984,0.0981717,984,0.0929689,984,0.0944996,984,0.0966885
985,0.0891325,985,0.098433,985,0.0957819,985,0.0966878
986,0.100034,986,0.098156,986,0.0949641,986,0.0966871
987,0.0992552,987,0.104409,987,0.0970717,987,0.0966864
988,0.106326,988,0.092362,988,0.0993969,988,0.0966857
989,0.0968867,989,0.0964765,989,0.0969702,989,0.096685
990,0.0973335,990,0.101763,990,0.0999942,990,0.0966843
991,0.0895085,991,0.0903212,991,0.094491,991,0.0966836
992,0.0906279,992,0.0914995,992,0.0957744,992,0.0966829
993,0.104449,993,0.0997309,993,0.0949681,993,0.0966822
994,0.0865672,994,0.0983564,994,0.097071,994,0.0966815
995,0.10126,995,0.0969079,995,0.0993916,995,0.0966808
996,0.112527,996,0.0970312,996,0.0969688,996,0.0966801
997,0.102851,997,0.102626,997,0.0999681,997,0.0966795
998,0.0953536,998,0.0929685,998,0.0944826,998,0.0966788
999,0.110295,999,0.0984346,999,0.0957672,999,0.0966781
1000,0.102944,1000,0.0981533,1000,0.094972,1000,0.0966775